{"vertex_location": [[1, 0], [2, 0], [3, 0], [4, 0], [5, 0], [6, 0], [7, 0], [8, 0], [9, 0], [10, 0], [11, 0], [12, 0], [13, 0], [14, 0], [15, 0], [16, 0], [8.0, 0], [4.0, 1], [11.5, 2], [7.5, 3], [5.5, 4], [4.5, 5], [17, 6], [18, 6], [19, 6], [5.0, 6], [6.75, 7], [8.25, 8], [10.5, 9], [9.5, 10], [6.75, 11], [4.25, 12], [2.75, 13], [8.0, 14], [6.5, 15], [4.0, 16], [8.0, 17], [15.5, 18], [15.0, 19], [9.75, 20], [13.25, 21], [12.375, 22], [18.0, 23], [17.5, 24], [10.25, 25], [9.0, 26], [9.25, 27], [10.5, 28], [18.25, 29], [13.6875, 30], [14.375, 31], [14.0, 32], [7.125, 33], [6.0, 34], [2.5, 35], [7.5625, 36], [4.0625, 37], [6.03125, 38], [8.265625, 39], [12.25, 40], [15.0, 41], [8.265625, 42], [14.5, 43], [15.125, 44], [8.625, 45], [7.625, 46], [5.0, 47], [3.0, 48], [2.5, 49]], "edge_list": [[5, 16], [9, 16], [1, 17], [5, 17], [9, 18], [12, 18], [6, 19], [7, 19], [17, 20], [6, 20], [3, 21], [4, 21], [21, 25], [20, 25], [7, 26], [20, 26], [20, 27], [10, 27], [9, 28], [10, 28], [8, 29], [9, 29], [21, 30], [8, 30], [20, 31], [2, 31], [21, 32], [0, 32], [25, 33], [10, 33], [25, 34], [7, 34], [25, 35], [2, 35], [11, 36], [17, 36], [14, 37], [15, 37], [13, 38], [15, 38], [36, 39], [18, 39], [18, 40], [14, 40], [39, 41], [14, 41], [22, 42], [24, 42], [23, 43], [22, 43], [10, 44], [29, 44], [18, 45], [34, 45], [11, 46], [34, 46], [45, 47], [11, 47], [24, 48], [43, 48], [38, 49], [41, 49], [48, 50], [47, 50], [48, 51], [39, 51], [44, 52], [35, 52], [7, 53], [35, 53], [0, 54], [35, 54], [52, 55], [7, 55], [52, 56], [0, 56], [7, 57], [56, 57], [57, 58], [47, 58], [47, 59], [51, 59], [14, 60], [38, 60], [47, 61], [57, 61], [60, 62], [51, 62], [11, 63], [48, 63], [6, 64], [44, 64], [4, 65], [44, 65], [2, 66], [6, 66], [0, 67], [4, 67], [1, 68], [2, 68]]}